Vehicle,EYH
90.805169,126.640159
106.461233,183.001988
109.244533,155.864811
110.28827,132.554672
144.383698,168.737575
68.190855,168.389662
70.626243,88.369781
,172.2167