Vehicle,LCZ
112.208437,49.677419
120.545906,132.704715
87.19603,45.16129
102.828784,96.228288
73.995037,50.719603
61.836228,45.508685
141.389578,90.669975
,116.724566