Vehicle,LCZ
105.612553,103.077852
100.754375,102.655401
93.572722,116.596258
94.417622,119.342185
99.909475,106.246228
102.021726,96.318648
103.711527,111.949306
,110.04828