Vehicle,EYH
101.912646,104.310591
113.902369,95.717956
96.317442,95.11847
90.922067,97.716243
97.916072,94.518984
100.314017,99.314873
98.715387,101.712818
,102.112475